Active,Parent Category,Name
1,Biżuteria i talizmany,Energetyzowane naszyjniki
1,Biżuteria i talizmany,Energetyzowane bransoletki
1,Biżuteria i talizmany,Kolczyki i nausznice
1,Biżuteria i talizmany,Piercing
1,Biżuteria i talizmany,Pierścionki
1,Magiczne rytuały,Zestawy rytuałów
1,Magiczne rytuały,Kadzidła ziołowe
1,Magiczne rytuały,Kadzidła żywiczne
1,Magiczne rytuały,Kadzidełka
1,Magiczne rytuały,Świeczki rytualne
1,Kamienie naturalne,Zestawy kamieni
1,Kamienie naturalne,Pojedyncze kamienie
1,Narzędzia magiczne,Runy
1,Narzędzia magiczne,Karty
1,Narzędzia magiczne,Wahadła
1,Narzędzia magiczne,Dzwonki
1,Magiczna przestrzeń,Kominki
1,Magiczna przestrzeń,Olejki
1,Magiczna przestrzeń,Woski zapachowe
1,Magiczna przestrzeń,Kubki
1,Magiczna przestrzeń,Podstawki
1,Magiczna przestrzeń,Ozdoby ścienne
1,Magiczna przestrzeń,Poduszki
1,Akademia Moonsister,Warsztaty
1,Akademia Moonsister,E-booki
1,Akademia Moonsister,Medytacje
1,Akademia Moonsister,Webinary
